{
    "vivian": {
        "score": 4,
        "time": 111.59094882011414
    },
    "inno": {
        "score": 9,
        "time": 167.65339756011963
    }
}